wrong,correct
মেণাশক্তি,মেধাশক্তি
মেধআশক্তি,মেধাশক্তি
মেধাশক্তিগ,মেধাশক্তি
মেধাশক়তি,মেধাশক্তি
মলধাশক্তি,মেধাশক্তি
মেধাশঞক্তি,মেধাশক্তি
মচেধাশক্তি,মেধাশক্তি
মেধাশৄ্তি,মেধাশক্তি
মেধাঁশক্তি,মেধাশক্তি
মেধাৈক্তি,মেধাশক্তি
নেৃই,নেই
নদই,নেই
নঞেই,নেই
নৈেই,নেই
ীেই,নেই
ন৺েই,নেই
নৎেই,নেই
ঐেই,নেই
নেছ,নেই
নৈই,নেই
নিঋচ্ছি,নিচ্ছি
নিচ্ঊছি,নিচ্ছি
নিচ্ছঊি,নিচ্ছি
নিচগ্ছি,নিচ্ছি
নিচ্ছিক,নিচ্ছি
নিচণছি,নিচ্ছি
ফনিচ্ছি,নিচ্ছি
নঔচ্ছি,নিচ্ছি
নিচংছি,নিচ্ছি
নিচ্ছঙ,নিচ্ছি
ছিাল,ছিল
ছিলঘ,ছিল
ছি৳,ছিল
ছষল,ছিল
ছিলু,ছিল
ঐিল,ছিল
ণছিল,ছিল
ছোিল,ছিল
ছিো,ছিল
ছএল,ছিল
টঘেনি,ঘটেনি
ঌঘটেনি,ঘটেনি
ৌঘটেনি,ঘটেনি
ঘটছনি,ঘটেনি
ঘুটেনি,ঘটেনি
ঘতেনি,ঘটেনি
ঘটেছনি,ঘটেনি
ঘটেনঽ,ঘটেনি
মটেনি,ঘটেনি
ঘটেনখ,ঘটেনি
্পরাণ,প্রাণ
প্এাণ,প্রাণ
পক্রাণ,প্রাণ
প্রাকণ,প্রাণ
প্রতাণ,প্রাণ
প্রানণ,প্রাণ
প্রাঢ,প্রাণ
প্রাণঋ,প্রাণ
প্রাণউ,প্রাণ
পঢ্রাণ,প্রাণ
মযৌসুম,মৌসুম
মকৌসুম,মৌসুম
মৌসএুম,মৌসুম
মৌসূুম,মৌসুম
মৌসুঁ,মৌসুম
মগসুম,মৌসুম
মৌসেম,মৌসুম
মংৌসুম,মৌসুম
মৌৎুম,মৌসুম
মৌসুমআ,মৌসুম
প্ংতিকূলতা,প্রতিকূলতা
প্রতককূলতা,প্রতিকূলতা
প্রতিকূলতঈা,প্রতিকূলতা
প্রতিদকূলতা,প্রতিকূলতা
প্রতিকূলতাপ,প্রতিকূলতা
প্রতিকূলুতা,প্রতিকূলতা
এপ্রতিকূলতা,প্রতিকূলতা
প্রতিকূফলতা,প্রতিকূলতা
পধ্রতিকূলতা,প্রতিকূলতা
প্রতোিকূলতা,প্রতিকূলতা
ডারে,পারে
োপারে,পারে
ঀারে,পারে
আপারে,পারে
পারেঃ,পারে
ছপারে,পারে
পাদরে,পারে
প৺রে,পারে
পারঅ,পারে
়ারে,পারে
বলফেননি,বলেননি
বলেরনি,বলেননি
বঐলেননি,বলেননি
বলেখননি,বলেননি
বলেথনি,বলেননি
নবলেননি,বলেননি
বথলেননি,বলেননি
বলেননঠ,বলেননি
বলেননঅি,বলেননি
বলেননহি,বলেননি
লেগেছেণ,লেগেছে
লেগণছে,লেগেছে
লেগেছেৈ,লেগেছে
লপেগেছে,লেগেছে
লেগেছীে,লেগেছে
লেগে৳ে,লেগেছে
লেগে৺ে,লেগেছে
লেগঋেছে,লেগেছে
লকগেছে,লেগেছে
লেগৌেছে,লেগেছে
প্রতনিপালন,প্রতিপালন
প্রতিশপালন,প্রতিপালন
প্রধিপালন,প্রতিপালন
প্ঢ়তিপালন,প্রতিপালন
প্রতিপালনছ,প্রতিপালন
য়প্রতিপালন,প্রতিপালন
প্রতিডালন,প্রতিপালন
প্রতিপালড়ন,প্রতিপালন
প্রতিপানন,প্রতিপালন
প্রঞিপালন,প্রতিপালন
নেৃই,নেই
নদই,নেই
নঞেই,নেই
নৈেই,নেই
ীেই,নেই
ন৺েই,নেই
নৎেই,নেই
ঐেই,নেই
নেছ,নেই
নৈই,নেই
উচঋ্চারণ,উচ্চারণ
ঀউচ্চারণ,উচ্চারণ
উচ্চারঃ,উচ্চারণ
উচ্চয়রণ,উচ্চারণ
উচ্চাহণ,উচ্চারণ
উচ্চারঞ,উচ্চারণ
উচ্চাছণ,উচ্চারণ
উচ্চালরণ,উচ্চারণ
উচৄচারণ,উচ্চারণ
উচ্চারড,উচ্চারণ
যাআে,যাবে
যাবমে,যাবে
যাবেঽ,যাবে
যাহবে,যাবে
যখাবে,যাবে
োাবে,যাবে
যাঐবে,যাবে
যিাবে,যাবে
যাবঘে,যাবে
যাঔবে,যাবে
হুয়,হয়
হয়ম,হয়
জহয়,হয়
হলয়,হয়
ঋহয়,হয়
ইয়,হয়
ঽহয়,হয়
েয়,হয়
নহয়,হয়
হয়গ,হয়
উত৳্তম,উত্তম
িউত্তম,উত্তম
উংত্তম,উত্তম
ঔত্তম,উত্তম
উত্তঙম,উত্তম
ঙউত্তম,উত্তম
উত্নম,উত্তম
উধ্তম,উত্তম
উত্শম,উত্তম
উত্অতম,উত্তম
বরখেলধফ,বরখেলাফ
বরখেযলাফ,বরখেলাফ
বরখেলাঢফ,বরখেলাফ
তরখেলাফ,বরখেলাফ
ডবরখেলাফ,বরখেলাফ
বরঈখেলাফ,বরখেলাফ
বরখেঠাফ,বরখেলাফ
বরলেলাফ,বরখেলাফ
বইখেলাফ,বরখেলাফ
বরখেোলাফ,বরখেলাফ
গেছেনফ,গেছেন
ইেছেন,গেছেন
গেছঘেন,গেছেন
গেছেফন,গেছেন
গেভছেন,গেছেন
গেছেনপ,গেছেন
গভছেন,গেছেন
গলেছেন,গেছেন
গেফছেন,গেছেন
গছেেন,গেছেন
ছাইে,ছাই
ছাইগ,ছাই
ছাড,ছাই
ছঀাই,ছাই
ছাইৄ,ছাই
ছাশই,ছাই
ছাঢ়ই,ছাই
োছাই,ছাই
ছাইয়,ছাই
এাই,ছাই
হঽ্ছে,হচ্ছে
হচকছে,হচ্ছে
হচগ্ছে,হচ্ছে
হাচ্ছে,হচ্ছে
জহচ্ছে,হচ্ছে
গহচ্ছে,হচ্ছে
হচ্ঁে,হচ্ছে
হচু্ছে,হচ্ছে
হচ্িছে,হচ্ছে
হচ্শছে,হচ্ছে
ঐি,নি
নঝি,নি
নিঅ,নি
নিৌ,নি
নআি,নি
নঠ,নি
়ি,নি
গি,নি
নঊ,নি
য়নি,নি
আনিৄুজ্জামান,আনিসুজ্জামান
আনিসুজ্জাষমান,আনিসুজ্জামান
আফিসুজ্জামান,আনিসুজ্জামান
জআনিসুজ্জামান,আনিসুজ্জামান
আনিসুঢ়্জামান,আনিসুজ্জামান
আঽিসুজ্জামান,আনিসুজ্জামান
আঊিসুজ্জামান,আনিসুজ্জামান
আনঙসুজ্জামান,আনিসুজ্জামান
আূনিসুজ্জামান,আনিসুজ্জামান
আনিসুজ্জভামান,আনিসুজ্জামান
ড়ৌধুরী,চৌধুরী
ংৌধুরী,চৌধুরী
চৌধুরঽ,চৌধুরী
চিধুরী,চৌধুরী
চৌজুরী,চৌধুরী
চৌধুেী,চৌধুরী
চঋৌধুরী,চৌধুরী
চৌধুরত,চৌধুরী
চৌৎুরী,চৌধুরী
রৌধুরী,চৌধুরী
অঢুষ্ঠান,অনুষ্ঠান
অনুষ্এান,অনুষ্ঠান
অ৳ুষ্ঠান,অনুষ্ঠান
অনুষ্ঠাঢ়ন,অনুষ্ঠান
অনএষ্ঠান,অনুষ্ঠান
অনোুষ্ঠান,অনুষ্ঠান
অনঢুষ্ঠান,অনুষ্ঠান
মঅনুষ্ঠান,অনুষ্ঠান
অনুষৎঠান,অনুষ্ঠান
অনুষর্ঠান,অনুষ্ঠান
ুা,না
ঋনা,না
ড়না,না
ন্া,না
নখা,না
নঢা,না
ঢ়া,না
নঠ,না
আা,না
োনা,না
দশাঝ,দশা
দশউা,দশা
দঘশা,দশা
দ্শা,দশা
দৌা,দশা
দঅশা,দশা
ঃদশা,দশা
ৈদশা,দশা
দশল,দশা
খশা,দশা
প্রশথিত,প্রোথিত
প্রোথিতঔ,প্রোথিত
প্ষোথিত,প্রোথিত
াপ্রোথিত,প্রোথিত
প্রঘথিত,প্রোথিত
প্রোথধত,প্রোথিত
পদরোথিত,প্রোথিত
প্র়থিত,প্রোথিত
প্রৌথিত,প্রোথিত
পলরোথিত,প্রোথিত
ঊছে,আছে
আছড,আছে
ঁআছে,আছে
ৃআছে,আছে
আছেঽ,আছে
আছমে,আছে
আউে,আছে
আছাে,আছে
আুে,আছে
আছঢ,আছে
গণদাগবি,গণদাবি
গঔদাবি,গণদাবি
গণগাবি,গণদাবি
গণদঌাবি,গণদাবি
ভণদাবি,গণদাবি
গণছাবি,গণদাবি
গণদাবড়,গণদাবি
গড়ণদাবি,গণদাবি
গণজদাবি,গণদাবি
গণভাবি,গণদাবি
কৃট,কতট
ককতট,কতট
কঅতট,কতট
ড়তট,কতট
কণতট,কতট
এতট,কতট
ডতট,কতট
কথট,কতট
কছট,কতট
কতঽট,কতট
ষপার,পার
পৎর,পার
পথার,পার
পঅর,পার
পূর,পার
োপার,পার
পঝর,পার
পাৎ,পার
পারঅ,পার
পাসর,পার
,ক
য়,ক
কঈ,ক
ক়,ক
কহ,ক
থক,ক
ঌ,ক
কড়,ক
জক,ক
ৄ,ক
জবয়গা,জায়গা
জাডগা,জায়গা
জাঁগা,জায়গা
জায়গঠা,জায়গা
জায়গঔ,জায়গা
জয়গা,জায়গা
জপায়গা,জায়গা
জায়ো,জায়গা
জায়াগা,জায়গা
৺জায়গা,জায়গা
িসহনীয়,অসহনীয়
অসহরনীয়,অসহনীয়
অসহনীয়ঙ,অসহনীয়
অসহনীঢ়য়,অসহনীয়
ঌঅসহনীয়,অসহনীয়
অসহনঁয়,অসহনীয়
ৈসহনীয়,অসহনীয়
অসহনীজ,অসহনীয়
অসহনটীয়,অসহনীয়
অসহনীয়গ,অসহনীয়
বেহাঀল,বেহাল
বেহালহ,বেহাল
বেহালি,বেহাল
বেহঀল,বেহাল
বেঠাল,বেহাল
উেহাল,বেহাল
বটহাল,বেহাল
বেচহাল,বেহাল
েবহাল,বেহাল
বে়াল,বেহাল
নেৃই,নেই
নদই,নেই
নঞেই,নেই
নৈেই,নেই
ীেই,নেই
ন৺েই,নেই
নৎেই,নেই
ঐেই,নেই
নেছ,নেই
নৈই,নেই
ঁরয়েছে,রয়েছে
রয়লেছে,রয়েছে
রয়েটে,রয়েছে
রয়ঃছে,রয়েছে
রয়েছঝ,রয়েছে
রয়েছটে,রয়েছে
রয়েৈে,রয়েছে
মরয়েছে,রয়েছে
রয়েছ৳ে,রয়েছে
রৌেছে,রয়েছে
নলয়মিত,নিয়মিত
নেয়মিত,নিয়মিত
নিঝমিত,নিয়মিত
নিয়মঊিত,নিয়মিত
নউয়মিত,নিয়মিত
নিটমিত,নিয়মিত
নঋিয়মিত,নিয়মিত
দনিয়মিত,নিয়মিত
নৈিয়মিত,নিয়মিত
নিয়মিৎত,নিয়মিত
ইলাঞ্ছনা,লাঞ্ছনা
লাঞ্ছনৌ,লাঞ্ছনা
লাঞ্ছনহা,লাঞ্ছনা
লাঞ্ছঝনা,লাঞ্ছনা
লাপঞ্ছনা,লাঞ্ছনা
লাঞ্টছনা,লাঞ্ছনা
লৌাঞ্ছনা,লাঞ্ছনা
লাঞদ্ছনা,লাঞ্ছনা
লাঞ্ছনমা,লাঞ্ছনা
লাঞ্ঋনা,লাঞ্ছনা
চল৳বে,চলবে
চলঢে,চলবে
চঠলবে,চলবে
চৈবে,চলবে
চষলবে,চলবে
দচলবে,চলবে
চলখবে,চলবে
চলঘবে,চলবে
ৃচলবে,চলবে
চুলবে,চলবে
উনেব,নেব
ঈনেব,নেব
নেবথ,নেব
নটেব,নেব
নেঢ়ব,নেব
নেছ,নেব
নেীব,নেব
ঀনেব,নেব
নেবড়,নেব
নুব,নেব
হবৃ,হবে
হবেড,হবে
৳হবে,হবে
হলবে,হবে
হবেঠ,হবে
হবদে,হবে
হবঊে,হবে
খহবে,হবে
হজবে,হবে
হচে,হবে
ঢাকউা,ঢাকা
ঢাৎকা,ঢাকা
ঋাকা,ঢাকা
ঁঢাকা,ঢাকা
য়ঢাকা,ঢাকা
ঢমকা,ঢাকা
ঢাকঈ,ঢাকা
ঢাকৌা,ঢাকা
ঢঘাকা,ঢাকা
ঢাকাএ,ঢাকা
হচঞছ,হচ্ছ
ঢ়চ্ছ,হচ্ছ
হচ্ঋছ,হচ্ছ
হচয্ছ,হচ্ছ
হচ্উছ,হচ্ছ
ঐহচ্ছ,হচ্ছ
হচ্থছ,হচ্ছ
হচ্ছ়,হচ্ছ
হচৎছ,হচ্ছ
হচ্খ,হচ্ছ
কহঠিন,কঠিন
কঠিঐ,কঠিন
কঠউন,কঠিন
কঠবিন,কঠিন
ওঠিন,কঠিন
হকঠিন,কঠিন
কঠি্ন,কঠিন
কঠিঢন,কঠিন
কঠিনূ,কঠিন
কচঠিন,কঠিন
প্রকল্ঢপ,প্রকল্প
ঽপ্রকল্প,প্রকল্প
পু্রকল্প,প্রকল্প
ৎ্রকল্প,প্রকল্প
প্রকল্ষ,প্রকল্প
প্রকল্পস,প্রকল্প
প্রকল্পগ,প্রকল্প
প্রকল্ঔ,প্রকল্প
প্রকঊল্প,প্রকল্প
প্রকলয়্প,প্রকল্প
সা৳বাদিক,সাংবাদিক
সছংবাদিক,সাংবাদিক
সাংবাদলক,সাংবাদিক
সাংবাদ্ক,সাংবাদিক
সভংবাদিক,সাংবাদিক
সাংণাদিক,সাংবাদিক
সাংবঀদিক,সাংবাদিক
সযাংবাদিক,সাংবাদিক
কাংবাদিক,সাংবাদিক
সাঈংবাদিক,সাংবাদিক
বলেছেতন,বলেছেন
বলেেছন,বলেছেন
বলংছেন,বলেছেন
বলেছেআন,বলেছেন
গলেছেন,বলেছেন
বলঔেছেন,বলেছেন
বতেছেন,বলেছেন
বলেছেিন,বলেছেন
বপলেছেন,বলেছেন
বংলেছেন,বলেছেন
চচাই,চাই
বচাই,চাই
ঀচাই,চাই
য়চাই,চাই
চাঅ,চাই
এাই,চাই
ঀাই,চাই
চযাই,চাই
চা়ই,চাই
চাফই,চাই
নওিয়তি,নিয়তি
ঞনিয়তি,নিয়তি
নিয়উতি,নিয়তি
নিয়তঠি,নিয়তি
নিয়তে,নিয়তি
হিয়তি,নিয়তি
নিো়তি,নিয়তি
নঐিয়তি,নিয়তি
নিঽয়তি,নিয়তি
নিয়তটি,নিয়তি
নেৃই,নেই
নদই,নেই
নঞেই,নেই
নৈেই,নেই
ীেই,নেই
ন৺েই,নেই
নৎেই,নেই
ঐেই,নেই
নেছ,নেই
নৈই,নেই
আগ়্রহী,আগ্রহী
আগ্রইী,আগ্রহী
আগ্রহহ,আগ্রহী
আগ্রহয়ী,আগ্রহী
আগ্রহঈ,আগ্রহী
আঝগ্রহী,আগ্রহী
আঝ্রহী,আগ্রহী
ঙআগ্রহী,আগ্রহী
আগ্রহীঢ়,আগ্রহী
আগ্রমহী,আগ্রহী
বলেছেতন,বলেছেন
বলেেছন,বলেছেন
বলংছেন,বলেছেন
বলেছেআন,বলেছেন
গলেছেন,বলেছেন
বলঔেছেন,বলেছেন
বতেছেন,বলেছেন
বলেছেিন,বলেছেন
বপলেছেন,বলেছেন
বংলেছেন,বলেছেন
গঙছি,গেছি
টগেছি,গেছি
গৌেছি,গেছি
গেৌছি,গেছি
গয়েছি,গেছি
গেযি,গেছি
গেছিৎ,গেছি
গেযছি,গেছি
গংেছি,গেছি
গেঀছি,গেছি
ঈনয়,নয়
মনয়,নয়
ইয়,নয়
েয়,নয়
নহয়,নয়
ংনয়,নয়
নঠ,নয়
নঀয়,নয়
নঊ,নয়
নঢয়,নয়
ঠআজ,আজ
ঙজ,আজ
ছআজ,আজ
আঈজ,আজ
আজখ,আজ
আঅ,আজ
আহজ,আজ
আঽজ,আজ
রআজ,আজ
আঀ,আজ
ঐঝরছে,ঝরছে
ছরছে,ঝরছে
ঋঝরছে,ঝরছে
ঝরছেু,ঝরছে
ঝরছতে,ঝরছে
ঝরছেজ,ঝরছে
ঝরছগে,ঝরছে
ঝরছধে,ঝরছে
ঝরছৌ,ঝরছে
ঝরছেড়,ঝরছে
বর্ষণড,বর্ষণ
বর্ষক,বর্ষণ
বয্ষণ,বর্ষণ
ৌবর্ষণ,বর্ষণ
বর্ৈষণ,বর্ষণ
বরঐ্ষণ,বর্ষণ
বর্ষূ,বর্ষণ
বর্ডণ,বর্ষণ
ঙর্ষণ,বর্ষণ
যবর্ষণ,বর্ষণ
মানঁুষ,মানুষ
অানুষ,মানুষ
মানুষঊ,মানুষ
মাঃনুষ,মানুষ
ানুষ,মানুষ
মঽনুষ,মানুষ
মানৈুষ,মানুষ
মানঽষ,মানুষ
মানুভ,মানুষ
মানণষ,মানুষ
যকয়,যায়
যায়ৄ,যায়
উযায়,যায়
যায়প,যায়
যায়আ,যায়
যঽায়,যায়
যাঁ,যায়
ডায়,যায়
যাআয়,যায়
ৃায়,যায়
ুা,না
ঋনা,না
ড়না,না
ন্া,না
নখা,না
নঢা,না
ঢ়া,না
নঠ,না
আা,না
োনা,না
নঅিরাপদ,নিরাপদ
নিরাপঅদ,নিরাপদ
নঃরাপদ,নিরাপদ
নিরাপদদ,নিরাপদ
নিরাপ্দ,নিরাপদ
নিরাপো,নিরাপদ
নিঈরাপদ,নিরাপদ
নিরংাপদ,নিরাপদ
নিজরাপদ,নিরাপদ
নছিরাপদ,নিরাপদ
সময়আ,সময়
ঢসময়,সময়
সমঀ,সময়
িসময়,সময়
সয়য়,সময়
সঈময়,সময়
সমইয়,সময়
মসয়,সময়
়সময়,সময়
সচয়,সময়
রজি,রবি
গরবি,রবি
ঐরবি,রবি
লরবি,রবি
ঘবি,রবি
রবঋি,রবি
িবি,রবি
রঢ়ি,রবি
রছবি,রবি
ভরবি,রবি
থাঃে,থাকে
থৃাকে,থাকে
থাকেঃ,থাকে
থািে,থাকে
থাথকে,থাকে
থওাকে,থাকে
থএাকে,থাকে
থাকেঅ,থাকে
৳াকে,থাকে
থাকেয়,থাকে
মনওের,মনের
মেের,মনের
েমনের,মনের
মন৺ের,মনের
মনেঢ,মনের
শনের,মনের
মনেৎ,মনের
মনডর,মনের
মনেছ,মনের
যনের,মনের
করৌত,করত
ক়ত,করত
করঙ,করত
করতঢ়,করত
ঀরত,করত
কথত,করত
করতয়,করত
করফ,করত
করড,করত
কআত,করত
মবনরুক,মবরুক
মবরুক্,মবরুক
যবরুক,মবরুক
মবরুমক,মবরুক
মবচুক,মবরুক
মবরুক়,মবরুক
াবরুক,মবরুক
বমরুক,মবরুক
মবষরুক,মবরুক
ঝবরুক,মবরুক
ষভিনন্দন,অভিনন্দন
অভিননোদন,অভিনন্দন
তভিনন্দন,অভিনন্দন
অভিঔনন্দন,অভিনন্দন
অভিনন্দভন,অভিনন্দন
অউিনন্দন,অভিনন্দন
অভিননঀ্দন,অভিনন্দন
অভানন্দন,অভিনন্দন
অভিচনন্দন,অভিনন্দন
ঃভিনন্দন,অভিনন্দন
হতেঙ,হতো
হতোঢ,হতো
ৌহতো,হতো
হতাো,হতো
হতেয়া,হতো
হতেঞ,হতো
রহতো,হতো
ঁহতো,হতো
হএতো,হতো
হতওা,হতো
ইহয়নি,হয়নি
হবনি,হয়নি
হয়থি,হয়নি
হপনি,হয়নি
ভহয়নি,হয়নি
তয়নি,হয়নি
়হয়নি,হয়নি
হঐনি,হয়নি
হয়নীি,হয়নি
হয়টনি,হয়নি
পাওি,পারি
ওপারি,পারি
পারিঀ,পারি
পারি্,পারি
পঢ়ারি,পারি
পঈারি,পারি
পঞরি,পারি
পারিৈ,পারি
পারঅ,পারি
পারডি,পারি
চক্ষুঞূল,চক্ষুশূল
চকডষুশূল,চক্ষুশূল
চক্ষুশূড়,চক্ষুশূল
চক্ষুশূশল,চক্ষুশূল
চক্ষুশূংল,চক্ষুশূল
চক৺্ষুশূল,চক্ষুশূল
চকশষুশূল,চক্ষুশূল
চক্দষুশূল,চক্ষুশূল
চখক্ষুশূল,চক্ষুশূল
চকক্ষুশূল,চক্ষুশূল
ঝগডনা,ঝগড়া
ঝগড়ং,ঝগড়া
ঝগড়ঀ,ঝগড়া
ঝঐগড়া,ঝগড়া
ঝগড়চা,ঝগড়া
ঝগড়গা,ঝগড়া
েঝগড়া,ঝগড়া
ঁঝগড়া,ঝগড়া
ঝাগড়া,ঝগড়া
ঝমগড়া,ঝগড়া
হুয়,হয়
হয়ম,হয়
জহয়,হয়
হলয়,হয়
ঋহয়,হয়
ইয়,হয়
ঽহয়,হয়
েয়,হয়
নহয়,হয়
হয়গ,হয়
বিপড়াল,বিড়াল
বিড়ডাল,বিড়াল
িবড়াল,বিড়াল
বিড়ধল,বিড়াল
উিড়াল,বিড়াল
বিড়ূল,বিড়াল
বিড়সাল,বিড়াল
বিড়ঌল,বিড়াল
বিডঁাল,বিড়াল
বিড়াডল,বিড়াল
কথাঢ়,কথা
কদা,কথা
কথট,কথা
ঁথা,কথা
কথম,কথা
সথা,কথা
কথত,কথা
কখথা,কথা
কথফ,কথা
কভা,কথা
ীলছে,বলছে
ঝবলছে,বলছে
বলছেী,বলছে
বঢছে,বলছে
বলছগে,বলছে
বলছেি,বলছে
বলছা,বলছে
এবলছে,বলছে
বলছেঀ,বলছে
বল৳ছে,বলছে
গধনলাম,গুনলাম
গুনলসাম,গুনলাম
গুনলবাম,গুনলাম
গুনলাঠম,গুনলাম
৳ুনলাম,গুনলাম
ঝুনলাম,গুনলাম
গুনইাম,গুনলাম
গুনল৺াম,গুনলাম
গুনষাম,গুনলাম
গুোনলাম,গুনলাম
কাজ৳,কাজ
য়কাজ,কাজ
কায়জ,কাজ
কাঋজ,কাজ
কাএজ,কাজ
ঌকাজ,কাজ
ৎকাজ,কাজ
কা৺,কাজ
কারজ,কাজ
ণাজ,কাজ
জযনায়,জানায়
জাচায়,জানায়
জানাৈ,জানায়
জানাহয়,জানায়
জানায়ৌ,জানায়
জানাি,জানায়
ূানায়,জানায়
জইনায়,জানায়
জানাঀ,জানায়
থজানায়,জানায়
হুয়,হয়
হয়ম,হয়
জহয়,হয়
হলয়,হয়
ঋহয়,হয়
ইয়,হয়
ঽহয়,হয়
েয়,হয়
নহয়,হয়
হয়গ,হয়
আসতনি,আসেনি
আসেবি,আসেনি
আসেযি,আসেনি
আয়েনি,আসেনি
আসেনঐি,আসেনি
আসেনিি,আসেনি
আসেনঙি,আসেনি
আসেনড়,আসেনি
আসৃেনি,আসেনি
আসেজি,আসেনি
হয়েইছে,হয়েছে
হয়েছীে,হয়েছে
হয়েছেৈ,হয়েছে
হয়েীে,হয়েছে
হয়েছঁ,হয়েছে
তহয়েছে,হয়েছে
হদয়েছে,হয়েছে
হয়েছেল,হয়েছে
হয়ঢ়ছে,হয়েছে
হয়োছে,হয়েছে
ঢাকউা,ঢাকা
ঢাৎকা,ঢাকা
ঋাকা,ঢাকা
ঁঢাকা,ঢাকা
য়ঢাকা,ঢাকা
ঢমকা,ঢাকা
ঢাকঈ,ঢাকা
ঢাকৌা,ঢাকা
ঢঘাকা,ঢাকা
ঢাকাএ,ঢাকা
সুনির্দিষখ্ট,সুনির্দিষ্ট
সুনিোর্দিষ্ট,সুনির্দিষ্ট
সঋনির্দিষ্ট,সুনির্দিষ্ট
সুঠির্দিষ্ট,সুনির্দিষ্ট
সুনির্ধিষ্ট,সুনির্দিষ্ট
সুনির্রিষ্ট,সুনির্দিষ্ট
সুনিের্দিষ্ট,সুনির্দিষ্ট
সুনির্দঞষ্ট,সুনির্দিষ্ট
সুওনির্দিষ্ট,সুনির্দিষ্ট
স৳ুনির্দিষ্ট,সুনির্দিষ্ট
ুা,না
ঋনা,না
ড়না,না
ন্া,না
নখা,না
নঢা,না
ঢ়া,না
নঠ,না
আা,না
োনা,না
দঃফায়,দফায়
দোায়,দফায়
দফাৈয়,দফায়
দফাঔ,দফায়
দফা্য়,দফায়
দফিায়,দফায়
দফায়ৎ,দফায়
দফায়ঢ,দফায়
দফোয়,দফায়
চফায়,দফায়
চঙত্র,চিত্র
চিত্ষর,চিত্র
ীচিত্র,চিত্র
চিঈ্র,চিত্র
চিঽত্র,চিত্র
ঢ়চিত্র,চিত্র
চ়ত্র,চিত্র
চিতত্র,চিত্র
াচিত্র,চিত্র
ছচিত্র,চিত্র
হবৃ,হবে
হবেড,হবে
৳হবে,হবে
হলবে,হবে
হবেঠ,হবে
হবদে,হবে
হবঊে,হবে
খহবে,হবে
হজবে,হবে
হচে,হবে
হবৃ,হবে
হবেড,হবে
৳হবে,হবে
হলবে,হবে
হবেঠ,হবে
হবদে,হবে
হবঊে,হবে
খহবে,হবে
হজবে,হবে
হচে,হবে
ুা,না
ঋনা,না
ড়না,না
ন্া,না
নখা,না
নঢা,না
ঢ়া,না
নঠ,না
আা,না
োনা,না
ব৺িষয়,বিষয়
বিঝয়,বিষয়
ৌিষয়,বিষয়
বঠষয়,বিষয়
বিধষয়,বিষয়
বিয়,বিষয়
বিঢয়,বিষয়
বিষযয়,বিষয়
নবিষয়,বিষয়
ৎবিষয়,বিষয়
কাজ৳,কাজ
য়কাজ,কাজ
কায়জ,কাজ
কাঋজ,কাজ
কাএজ,কাজ
ঌকাজ,কাজ
ৎকাজ,কাজ
কা৺,কাজ
কারজ,কাজ
ণাজ,কাজ
ুা,না
ঋনা,না
ড়না,না
ন্া,না
নখা,না
নঢা,না
ঢ়া,না
নঠ,না
আা,না
োনা,না
ঈনয়,নয়
মনয়,নয়
ইয়,নয়
েয়,নয়
নহয়,নয়
ংনয়,নয়
নঠ,নয়
নঀয়,নয়
নঊ,নয়
নঢয়,নয়
চচাই,চাই
বচাই,চাই
ঀচাই,চাই
য়চাই,চাই
চাঅ,চাই
এাই,চাই
ঀাই,চাই
চযাই,চাই
চা়ই,চাই
চাফই,চাই
ঋসংকটে,সংকটে
সংকহে,সংকটে
সংকটখে,সংকটে
সংকইে,সংকটে
সঽকটে,সংকটে
সংকটে়,সংকটে
ড়সংকটে,সংকটে
সঙংকটে,সংকটে
সংকটেড়,সংকটে
সংোকটে,সংকটে
জৄেদ,জেদ
জতদ,জেদ
ুেদ,জেদ
জেদ৺,জেদ
জেদঘ,জেদ
জআেদ,জেদ
জচেদ,জেদ
জৈেদ,জেদ
জএেদ,জেদ
ড়জেদ,জেদ
